Generation,Best Fitness,Average Fitness,Std Fitness,Best Health,Avg Health,Std Health,Lowest Time,Avg Time,Std Time
0,66.19788162462294,0.8126870219744882,12.390535223584704,-20.0,-93.2,13.84774349849101,99.0,231.89,152.8399093823338
1,75.52353644806848,5.323390349394952,15.551165699157421,-10.0,-88.2,17.284675293449975,99.0,218.87,105.45270551294549
2,75.34751081973135,8.835952221889748,17.652940579573652,-10.0,-84.3,19.710657015939372,102.0,213.07,87.41192767580407
3,75.63870783429057,13.643643987271503,20.963747374541374,-10.0,-78.9,23.4049140139416,102.0,236.87,177.29814748045172
4,88.04669517527554,17.27959229708641,20.507586706859847,33.40000000000027,-74.56599999999999,24.084585194684188,102.0,219.52,72.96745575940002
5,85.17616819497442,23.68133613997993,24.250646629399956,6.400000000000233,-67.63600000000001,27.254010787405225,113.0,233.0,82.6380057842637
6,86.11703951986408,33.63822291963992,25.141836252021783,17.80000000000023,-56.422,28.420526314619867,114.0,235.49,46.648150016908495
