Generation,Best Fitness,Average Fitness,Std Fitness,Best Health,Avg Health,Std Health,Lowest Time,Avg Time,Std Time
0,39.544678884642295,5.736342754615241,12.008913514191326,-50.0,-87.8,13.533661736573734,102.0,213.52,115.72531961502635
1,39.38322890233343,10.464696327357224,12.284457724154288,-50.0,-82.5,13.811227316933133,102.0,213.99,97.6919131760659
2,57.06775481255199,20.027523523032873,15.182328448758133,-30.0,-71.8,17.11023085758927,102.0,228.64,102.1152799535897
