Generation,Best Fitness,Average Fitness,Std Fitness,Best Health,Avg Health,Std Health,Lowest Time,Avg Time,Std Time
0,65.54166171665521,8.491806238487648,13.331313460802578,-20.0,-84.8,15.065191668213187,102.0,203.18,129.58490498511006
1,57.55326262833369,11.964008981572348,14.431514504042747,-30.0,-80.7,16.015929570274714,102.0,258.05,157.7025285149227
