Generation,Best Fitness,Average Fitness,Std Fitness,Best Health,Avg Health,Std Health,Lowest Time,Avg Time,Std Time
0,21.84670840550222,-3.7040593008509166,4.339503068413818,-70.0,-98.2,4.7707441767506245,99.0,235.09,147.09854486023985
0,48.48657125383502,-0.008336136285747656,9.17955643454992,-40.0,-94.38775510204081,10.40666255687567,101.0,174.3265306122449,90.81094687116095
1,66.31982739098294,5.3549046371227895,12.505526956073485,-20.0,-88.36734693877551,14.120030464138699,101.0,186.0408163265306,97.01250901536389
2,66.31982739098294,9.795054747909989,11.72735738212837,-20.0,-83.36734693877551,13.16642898226165,109.0,187.0612244897959,72.67636062998059
3,66.31982739098294,12.40706894937171,12.88256796149388,-20.0,-80.51020408163265,14.524606073522397,109.0,179.98979591836735,76.23573736102223
4,66.31982739098294,16.399163267949888,12.536605190980685,-20.0,-76.0204081632653,14.123348443693308,109.0,190.44897959183675,83.78996121851102
