Generation,Max Health Gain,Min Health Gain,Average Health Gain,Stdv Health Gain
0,100.0,-53.200000000000315,94.04399999999998,24.15053755095323
1,100.0,-49.000000000000306,94.99,23.89832420903194
