Generation,Best Fitness,Average Fitness,Std Fitness,Best Health,Avg Health,Std Health,Lowest Time,Avg Time,Std Time
0,29.547951045562776,-2.5818395563199608,7.163226130357782,-60.0,-96.9,7.961783719745217,96.0,242.58,126.1798858772665
0,29.586541042832643,0.9807627130377744,9.711794864059021,-60.0,-93.26530612244898,11.044946226722294,96.0,176.25510204081633,97.29403270756019
