Generation,Best Fitness,Average Fitness,Std Fitness,Best Health,Avg Health,Std Health,Lowest Time,Avg Time,Std Time
0,11.81173587691741,-3.7054312694976983,3.7941383562692383,-80.0,-98.2,4.331281565541543,102.0,237.73,154.22151957492832
0,38.596425802065184,1.7350355126265748,9.363935062939362,-50.0,-92.4,10.781465577554846,102.0,190.89,121.9082355708588
1,57.22544845445559,11.196920559774613,12.51227856840095,-30.0,-81.5,14.097872179871684,100.0,264.21,142.6498717139276
