mutation_rate,crossover_rate,n_hidden_neurons,tournament_size,Performance
0.15350726301244982,0.6802715214334645,11,14,87.3494768905476
0.12322701751405991,0.6305267170712057,12,12,65.54166171665521
