mutation_rate,crossover_rate,generations,n_hidden_neurons,tournament_size,Performance
0.06836097202398797,0.5697434451324335,13,14,12,84.82254710353531
0.17395323055992384,0.6359278136922392,13,15,16,57.41275134159975
0.10711749774947003,1.0,20,15,6,89.43193985886491
0.11341311479581076,0.2,10,4,6,90.43736666659866
0.18438140401590633,0.2047656754736742,20,9,5,87.213724713052
