Generation,Best Fitness,Average Fitness,Std Fitness,Best Health,Avg Health,Std Health,Lowest Time,Avg Time,Std Time
0,86.06157381634844,-0.6427464021583876,13.797977345656532,24.400000000000247,-94.456,16.882466170556974,102.0,272.35,191.06074295888206
0,86.06157381634844,3.7086384426129593,15.42604440828419,24.400000000000247,-89.95599999999999,18.704856695521634,102.0,192.68,118.16749806947763
