Generation,Best Fitness,Average Fitness,Std Fitness,Best Health,Avg Health,Std Health,Lowest Time,Avg Time,Std Time
0,39.68679402095821,-2.634186590099113,7.7131326076784,-50.0,-96.9,8.566796367370944,101.0,250.56,119.5802090648783
0,57.888012211643456,3.5704606423679515,13.976929029790268,-30.0,-90.3,15.713370103195558,101.0,188.92,91.18209034673421
1,57.888012211643456,10.761845126711814,14.514417795972168,-30.0,-82.2,16.34502982560754,101.0,214.1,110.72763882608534
2,66.72700044143625,19.1471654829369,13.893692941748132,-20.0,-72.9,15.639373388982053,138.0,203.1,95.0300478796049
3,66.72700044143625,27.18912273938333,9.926301077375943,-20.0,-63.9,11.215614116043756,153.0,215.41,99.94749571650107
4,66.72700044143625,32.42183336190479,13.742026898833776,-20.0,-58.0,15.491933384829668,147.0,233.8,105.58759396823093
