mutation_rate,crossover_rate,n_hidden_neurons,number_of_crossovers,n_elitism,k_tournament,k_tournament_final_linear_increase_factor,Run 1,Run 2
0.10731319368389046,0.6807899217868819,4.807873903382992,16.840997416834476,8.597044497955668,2.324600909904571,4.147058495950666,48.511062273843315,85.99703951986407
0.08969686618776078,0.4417897441695966,18.552777799186686,10.115709291271163,14.606356462591528,16.289077477485463,3.107361604237185,66.20090734553948,57.08110614572686
0.10014946059492563,0.5835998040346713,10,14,11,8,4,57.5750499825186,66.45482255552044
0.10995714808611104,0.7166596259881273,3,18,8,2,4,73.50113026602307,57.7742533262868
