mutation_rate,crossover_rate,n_hidden_neurons,number_of_crossovers,n_elitism,k_tournament,k_tournament_final_linear_increase_factor
0.1979690616599692,0.9924275880714035,17.662528743496157,12.330547264366963,12.85503639566114,10.684963698046381,3.019490302836102
