mutation_rate,crossover_rate,n_hidden_neurons,number_of_crossovers,n_elitism,k_tournament,k_tournament_final_linear_increase_factor
0.10731319368389046,0.6807899217868819,4.807873903382992,16.840997416834476,8.597044497955668,2.324600909904571,4.147058495950666
