Generation,Best Fitness,Average Fitness,Std Fitness,Best Health,Avg Health,Std Health,Lowest Time,Avg Time,Std Time
0,30.527729326328526,-2.1675731079008487,8.228763991333096,-60.0,-96.4,9.112628599915613,102.0,259.21,169.04084092313312
0,30.527729326328526,1.0119825608808464,9.604057667768343,-60.0,-93.2,10.851727973000429,102.0,181.99,97.3168531139391
1,66.24109822612272,8.427925059141918,12.1632274507171,-20.0,-84.9,13.747363383572864,101.0,195.39,109.75380585656245
2,66.24109822612272,16.895316068500122,11.262110473086135,-20.0,-75.4,12.68227108999015,111.0,202.33,91.5817727498218
3,66.24109822612272,23.178644557233223,8.08054524883477,-20.0,-68.4,9.134549797335389,119.0,202.7,80.86933905999231
