Generation,Best Fitness,Average Fitness,Std Fitness,Best Health,Avg Health,Std Health,Lowest Time,Avg Time,Std Time
0,57.7742533262868,-1.5167474596184214,9.782820766293504,-30.0,-95.7,10.886229834061009,102.0,251.2,133.37346062841735
0,57.7742533262868,2.1078314434581897,10.99194825276598,-30.0,-92.0,12.409673645990857,102.0,180.55,91.19576470428876
1,57.7742533262868,7.634746109211185,10.499978508687617,-30.0,-85.7,11.769027147559818,102.0,205.87,92.39520063293331
