mutation_rate,crossover_rate,n_hidden_neurons,number_of_crossovers,n_elitism,k_tournament,k_tournament_final_linear_increase_factor,Average Performance
0.1979690616599692,0.9924275880714035,17.662528743496157,12.330547264366963,12.85503639566114,10.684963698046381,3.019490302836102,61.990816593165945
0.10317626208513188,0.279828089518628,7.768837524283096,9.545562058464782,1.9834388033343517,18.051765780442373,3.858723406510835,57.35146609652159
0.1583986827066551,0.6949597532411227,14,11,8,14,3,48.37172587882657
0.2,1.0,20,13,17,8,3,48.265685654805935
