Generation,Best Fitness,Average Fitness,Std Fitness,Best Health,Avg Health,Std Health,Lowest Time,Avg Time,Std Time
0,21.906249799193237,-3.1034998688979583,5.623181569446436,-70.0,-97.38799999999999,6.279478959276799,102.0,266.53,265.6943527815373
0,21.912403664767616,-2.030861886157668,6.168108441504216,-70.0,-96.6,6.959885056522127,102.0,170.89,64.46051427036555
1,21.912403664767616,-0.9989562429452632,6.4318693202834325,-70.0,-95.5,7.262919523166975,102.0,163.96,61.396078050637726
2,21.912403664767616,-0.1895618459647449,6.438111398975577,-70.0,-94.6,7.269112738154499,102.0,164.38,63.4888620153173
