Generation,Best Fitness,Average Fitness,Std Fitness,Best Health,Avg Health,Std Health,Lowest Time,Avg Time,Std Time
0,39.511062273843315,-2.8015588055461076,7.672799246868523,-50.0,-96.90799999999999,8.99810735655005,102.0,253.67,238.69864075859334
0,57.07307397402959,1.6442223646725722,11.816506455946346,-30.0,-92.30799999999999,13.541031570748222,102.0,185.52,218.36599918485476
1,57.07307397402959,8.422934728579758,12.499826199238553,-30.0,-84.8,14.105318146004365,102.0,214.72,109.13515290684299
